"","prolificID","participant","NRemoved","repeatAgree","musicianYN","EmotionalContent","Contour","Dissonance","IntervalVariety","IntervalSize","ImpliedHarmony","Other","Gender","Age","HoursWeekListen","HoursWeekListenJazz","GenresListen","InstrumentYN","Instrument0w","AgeStoppedInstrument","FormalTrainingTypes","YearsFormalTraining","AgeStartedTraining","PrimaryInstrument","AgeStartedPrimary","PrimaryProficiency","PrimaryYears","PrimaryFormalYears","OtherInst1","OtherInst1Years","OtherInst2","OtherInst2Years","OtherInst3","OtherInst3Years","OtherInst4","OtherInst4Years","OtherInst5","OtherInst5Years","ImpProficiency","YearsFormalImp","YearsTheory","GenresPlayed","PrimaryGenre","PlayHours611","ImpHours611","PlayHours1217","ImpHours1217","PlayHours18","ImpHours18","PlayHoursNow","ImpHoursNow","PercentImp","Comments"
"1","57d0badf28d5250001bdd9d2","JN_1",7,0.728813559,0,2,5,5,2,1,5,"The melodies had to go together like if you could put it in any part of the song and know that they went.The songs had to sound similar with a similar or same tempo to help me in choosing if the melodies were related. If the songs went from depressing to happy melodies most likely they weren't related.",2,28,15,0,"Rock,Pop,Country,Hip Hop,Electronic/dance",0,NA,NA,NA,NA,NA,NA,NA,NA,NA,NA,NA,NA,NA,NA,NA,NA,NA,NA,NA,NA,NA,NA,NA,NA,NA,NA,NA,NA,NA,NA,NA,NA,NA,NA,"none, 57d0badf28d5250001bdd9d2"
"2","58a2fd9334fcb30001053804","JN_2",6,0.644067797,0,3,2,5,5,5,5,NA,2,47,10,1,"Rock,Pop,R&B and Soul,Classical,Metal",0,NA,NA,NA,NA,NA,NA,NA,NA,NA,NA,NA,NA,NA,NA,NA,NA,NA,NA,NA,NA,NA,NA,NA,NA,NA,NA,NA,NA,NA,NA,NA,NA,NA,NA,NA
"3","5a84f454ae9a0b0001a9e4e5","JN_3",8,0.542372881,1,3,3,5,3,5,5,"if they shared sequences,  complimented each other, or had a flow such that I felt like one could follow the other.",1,44,3,0,"Pop,Hip Hop,Electronic/dance",1,1,NA,"Instrument lessons,Music theory lessons,Music coursework (high school),Music coursework (college)",1,15,"Guitar",15,"2",15,0.5,"Guitar","15",NA,NA,NA,NA,NA,NA,NA,NA,"1",0,0.5,"Rock,Folk","FOlk",0,0,2,0,1,1,1,0,0,"Some of my answers about my playing experience may not add up because I've dabbled on and off with guitar since I was a teen, but I'm not a natural musician and have a horrible ear so I'm just not very proficient at it."
"4","5b191bb7506a840001ae2645","JN_4",12,0.576271186,0,1,5,3,5,5,1,"I'd like to think I have a good ear for music, honestly I did it mostly by feeling and listening to the beginning and end of each snippet to see if they matched in pitch or tone.",1,21,40,0,"Rock,R&B and Soul,Hip Hop,Electronic/dance,Soul",0,NA,NA,NA,NA,NA,NA,NA,NA,NA,NA,NA,NA,NA,NA,NA,NA,NA,NA,NA,NA,NA,NA,NA,NA,NA,NA,NA,NA,NA,NA,NA,NA,NA,NA,"Everything was good, the breaks were much appreciated."
"5","5b222aff59f9620001c109cb","JN_5",6,0.644067797,0,5,3,5,5,5,5,NA,1,27,5,0,"Rock,Pop",1,0,25,"None",0,0,"piano",20,"4",5,0,NA,NA,NA,NA,NA,NA,NA,NA,NA,NA,"4",0,0,"Pop,Classical","various",0,0,0,0,1,3,0,0,70,NA
"6","5b25d6ce7f781600014611dc","JN_6",1,0.576271186,0,2,2,3,5,3,3,"N/a",1,20,8,1,"Pop,R&B and Soul,Electronic/dance,Jazz",1,0,12,"Instrument lessons,Music theory lessons",2,10,"Violin",10,"4",2,0,"Violin","2",NA,NA,NA,NA,NA,NA,NA,NA,"3",0,1,"Classical","Classical",10,0,12,2,0,0,0,0,13,"N/A"
"7","5b5f1cd27757ed000198dcb0","JN_7",8,0.508474576,0,2,3,5,2,5,5,"I think everything is covered by one of the above.",1,24,2,0,"Rock,Classical,Metal",0,NA,NA,NA,NA,NA,NA,NA,NA,NA,NA,NA,NA,NA,NA,NA,NA,NA,NA,NA,NA,NA,NA,NA,NA,NA,NA,NA,NA,NA,NA,NA,NA,NA,NA,NA
"8","5b6a87d2cda8590001db8e07","JN_8",3,0.661016949,1,2,3,2,2,1,5,"Whether the melodies sound like they belong in the same song or are connected.",2,39,4,0,"Rock,Pop",1,1,NA,"Instrument lessons,Music theory lessons,Music coursework (high school)",6,8,"Piano",8,"6",17,4,"Guitar","10",NA,NA,NA,NA,NA,NA,NA,NA,"5",0,1,"Pop,Classical","Pop",3,0,2,1,2,1,0,0,35,"None"
"9","5b74b75509cd2c0001edd41d","JN_9",7,0.762711864,1,2,5,5,5,3,5,NA,1,21,10,2,"Rock,Pop,Jazz,Classical,Metal,Folk",1,1,NA,"Instrument lessons,Music theory lessons,Music coursework (high school)",6,8,"saxophone",14,"5",7,3,"Flute","9","Voice","12",NA,NA,NA,NA,NA,NA,"2",0,1,"Jazz,Classical,Folk","jazz",1,0,1,1,3,1,0,0,17,"The survey was VERY long with little variation"
"10","5c05083f891bb400012195d5","JN_11",5,0.559322034,0,2,3,5,5,3,5,"Wel, I tried to figure how I thought the second part of every melody would be, so I'd try to anticipate it.",1,26,15,0,"Rock,Electronic/dance,Metal",1,0,12,"Children's music classes/lessons",6,6,"Flute",6,"3",6,6,"Flute","6",NA,NA,NA,NA,NA,NA,NA,NA,"1",0,8,"Classical","Classical",4,0,0,0,0,0,0,0,1,NA
"11","5c1a9424a329230001ecaabd","JN_12",6,0.559322034,0,3,3,3,5,2,5,"I tried to use my gut feeling to decide whether both melodies could be part of the same, longer melody",2,34,15,0,"Rock,Pop,Country",0,NA,NA,NA,NA,NA,NA,NA,NA,NA,NA,NA,NA,NA,NA,NA,NA,NA,NA,NA,NA,NA,NA,NA,NA,NA,NA,NA,NA,NA,NA,NA,NA,NA,NA,NA
"12","5c33496ec75f190001e7ed92","JN_13",9,0.576271186,1,5,5,5,5,3,5,NA,1,37,10,1,"Rock,Pop,Electronic/dance,Jazz,Metal",1,1,NA,"None",0,0,"guitar",15,"4",22,0,NA,NA,NA,NA,NA,NA,NA,NA,NA,NA,"4",0,0,"Rock,Metal","black metal",0,0,10,5,20,5,10,5,50,NA
"13","5c35655f87b777000170d85a","JN_14",9,0.593220339,0,3,3,5,5,5,3,NA,1,32,10,0,"Rock,Electronic/dance,Classical,Folk",1,0,18,"None",0,0,"Piano",13,"2",5,0,NA,NA,NA,NA,NA,NA,NA,NA,NA,NA,"1",0,0,"Classical","Classical",0,0,4,0,0,0,0,0,0,NA
"14","5c3f31385c5fcf00015801cf","JN_15",5,0.610169492,1,2,3,5,5,5,5,"Whether they could follow on from one to the other reasonably well.",1,20,15,1,"Rock,Jazz,Classical",1,1,NA,"Instrument lessons,Music theory lessons",11,9,"Piano",9,"5",11,11,NA,NA,NA,NA,NA,NA,NA,NA,NA,NA,"3",0,2,"Classical","Classical",5,1,15,2,10,2,10,2,15,"I was trying to work out my interpretation on what it meant by ""related"" so it took me a while to get the hang of it. Otherwise, no comments."
"15","5c800507a1d4b900114f28c4","JN_16",9,0.627118644,1,1,3,3,5,5,5,"The similarity of the tones",1,28,56,2,"Rock,Jazz,Metal",1,1,NA,"None",0,0,"Voice",21,"4",7,0,"Saxophone","0","Recorder","1","Guitar","3",NA,NA,NA,NA,"4",0,0,"Rock,Pop,Metal","Metal",0,0,0,0,10,1,10,2,25,"It was fun"
"16","5c879d4aeceaa40015d3f5c6","JN_17",6,0.677966102,0,2,2,3,3,5,3,"Only that they were within the same scale or what I perceived to be the right scale.",2,42,25,2,"Rock,Pop,R&B and Soul,Hip Hop,Jazz,Classical,Indie",1,0,NA,"Instrument lessons,Music theory lessons",10,7,"piano",7,"3",35,10,NA,NA,NA,NA,NA,NA,NA,NA,NA,NA,"1",0,10,"Pop,Classical","classical",9,0,9,0,1,0,1,0,100,"Nothing to add other than thank you for letting me take part. All the best with your research."
"17","5ccb08a321e8d30016261cd8","JN_18",50,1,0,3,3,3,3,3,3,NA,2,19,10,0,"Pop",1,0,8,"Children's music classes/lessons",1,7,"recorder",7,"4",1,0,NA,NA,NA,NA,NA,NA,NA,NA,NA,NA,"3",0,0,"R&B and Soul","n/a",5,4,5,4,5,5,5,5,24,NA
"18","5d09285a2b420b001a8e43f0","JN_19",6,0.644067797,1,5,5,3,5,5,5,"Whether I imagined them in the same piece of music",2,34,20,0,"Rock,Electronic/dance,Classical,Metal,Punk, indie, afrobeat, ska, reggae",1,1,NA,"Instrument lessons,Music theory lessons,Children's music classes/lessons",7,12,"Bass guitar",16,"6",14,3,"guitar","24","ukelele","12","synths","12","bodhran","10","keyboard","26","4",0,7,"Rock,Pop,R&B and Soul,Electronic/dance,Punk, world, indie","Indie rocj",2,2,3,3,5,3,1,1,93,"I started to get a headache part way through the survey, wasn't sure if that was part of the test! Other than that, a very thorough survey."
"19","5d21aed085192700013a5282","JN_20",8,0.576271186,1,2,5,2,5,3,5,"I was conscious of hearing or recognizing melody patterns or memories of melodies that I have previously heard in both classical and popular forms of music. Some of the melodies were slightly dissonant, but these types of melodies are often used in jazz as well as rock and work well as long as they connect with other notes previously heard within the sequence. Some of these melodies just had no connection and appeared random, which to the human ear does not sound as if there is any form or pattern that is being followed, and therefore not appealing. I was always looking for a connection within the melodies, something that would make sense or something that would inspire a jump to a new note that would work within the context of the melodic pattern, even if the note is slightly oblique.",1,61,20,1,"Rock,Pop,Electronic/dance,Jazz,Classical,Metal,Latin",1,1,NA,"None",0,0,"Voice",14,"7",46,0,NA,NA,NA,NA,NA,NA,NA,NA,NA,NA,"7",0,0,"Rock,Pop,Metal","Rock",0,0,20,5,20,10,3,3,30,"Excellent survey. I enjoyed it a lot."
"20","5d41d708128a05000183c461","JN_21",15,0.627118644,0,1,1,1,2,2,2,"NOT REALLY, JUST IF THE SOUNDED ALIKE",2,47,1,0,"Pop",0,NA,NA,NA,NA,NA,NA,NA,NA,NA,NA,NA,NA,NA,NA,NA,NA,NA,NA,NA,NA,NA,NA,NA,NA,NA,NA,NA,NA,NA,NA,NA,NA,NA,NA,NA
"21","5d4c65d1de72600016f87c14","JN_22",11,0.728813559,1,5,2,2,5,5,5,"The pitch and patterns",1,23,20,2,"Rock,R&B and Soul,Hip Hop,Jazz",1,1,NA,"Instrument lessons",2,7,"Voice",16,"4",7,0,"Drums","2","Recorder","1",NA,NA,NA,NA,NA,NA,"5",0,0,"None","Indie vPop",4,0,0,0,1,0,1,0,14,"I had an error and went over time, please fix my submission. Thank you!"
"22","5d64d8ddadc4e800182d259a","JN_23",12,0.559322034,0,2,5,3,5,5,3,"Pitch of notes",1,29,6,0.5,"Rock,Pop,Hip Hop,Jazz,Classical",0,NA,NA,NA,NA,NA,NA,NA,NA,NA,NA,NA,NA,NA,NA,NA,NA,NA,NA,NA,NA,NA,NA,NA,NA,NA,NA,NA,NA,NA,NA,NA,NA,NA,NA,NA
"23","5d6e3252dfe6d10001dbe508","JN_24",12,0.576271186,0,2,5,3,5,3,5,"No.",1,25,30,2,"Rock,Pop,R&B and Soul,Hip Hop,Electronic/dance,Classical,Folk",0,NA,NA,NA,NA,NA,NA,NA,NA,NA,NA,NA,NA,NA,NA,NA,NA,NA,NA,NA,NA,NA,NA,NA,NA,NA,NA,NA,NA,NA,NA,NA,NA,NA,NA,NA
"24","5d7e7207461e51001c5c236c","JN_26",11,0.525423729,0,1,2,3,3,2,3,"If the start of both sequences had the same note.",1,21,15,2,"Rock,Pop,R&B and Soul,Hip Hop,Electronic/dance,Jazz,Classical,Metal,Latin",0,NA,NA,NA,NA,NA,NA,NA,NA,NA,NA,NA,NA,NA,NA,NA,NA,NA,NA,NA,NA,NA,NA,NA,NA,NA,NA,NA,NA,NA,NA,NA,NA,NA,NA,"None"
"25","5d811e6ab395350018786d78","JN_27",8,0.661016949,1,5,5,3,2,5,5,"how it general sounded to my ear",1,34,18,2,"Rock,R&B and Soul,Hip Hop,Electronic/dance,Jazz",1,1,NA,"Music coursework (high school),Children's music classes/lessons",3,10,"guitar",12,"3",8,2,"guitar","12","bass","3",NA,NA,NA,NA,NA,NA,"3",2,2,"Rock,Hip Hop,Electronic/dance","rock",3,4,5,6,7,8,2,2,62,"ALL WAS GOOD,THANK YOU"
"26","5d867b0c1b729e001795c98e","JN_28",8,0.644067797,1,1,3,3,5,2,5,"Mostly, I rated them based on how ""close"" the notes were to each other, meaning if the two melodies were in the same musical scale. Even if not, if the notes and melodies were similar enough I saw them as more related compared to melodies where the one clip differed too much from the other.",1,20,35,0,"Rock,Classical",1,1,NA,"Instrument lessons,Music theory lessons",10,5,"Piano",5,"5",15,10,"Acoustic Guitar","7","Bass Guitar","7","Electric Guitar","6","Drums","5","Ukulele","1","4",0,7,"Rock,Pop,Electronic/dance,Classical,Metal","Classical",40,5,30,5,50,5,50,5,10,"I really liked the survey. This is a period of my life where I'm lacking in musical stimulation, and it helped give me initiative to go play music again."
"27","5d87296392bb88000182f43a","JN_29",6,0.694915254,1,2,5,5,5,5,3,NA,2,34,20,0,"Pop,Country,R&B and Soul,Folk",1,1,NA,"Instrument lessons,Music theory lessons,Composition lessons,Music coursework (high school),Music coursework (college),Music coursework (past college),Children's music classes/lessons",30,4,"oboe",11,"7",23,20,"voice","30","piano","30",NA,NA,NA,NA,NA,NA,"6",5,10,"Rock,Pop,Country,Jazz,Classical,Folk","classical",4,1,6,10,10,8,15,0,1,NA
"28","5d94f3033ccbdd00171ff00a","JN_30",6,0.610169492,0,5,5,3,3,5,3,"no",2,41,8,2,"Pop",1,0,22,"Children's music classes/lessons",2,0,"piano",10,"2",2,0,NA,NA,NA,NA,NA,NA,NA,NA,NA,NA,"1",0,0,"Pop","pop",3,3,2,2,0,0,0,0,2,NA
"29","5d9dec3d3401780016fcf44c","JN_31",9,0.576271186,1,5,5,3,3,2,3,NA,2,40,8,0,"Rock,Pop,Country,Classical",1,1,NA,"Instrument lessons,Music theory lessons,Music coursework (high school)",8,11,"Flute",11,"4",39,5,"Piano","30",NA,NA,NA,NA,NA,NA,NA,NA,"3",0,6,"Pop,Classical","Classical",10,0,20,0,3,0,1,0,1,NA
"30","5db5a1329549e9000b27721a","JN_32",9,0.610169492,1,1,5,3,5,5,5,NA,1,23,15,0,"Rock,Pop,R&B and Soul,Hip Hop,Electronic/dance,Folk,lo-fi, rock instrumental",1,1,NA,"Instrument lessons,Music theory lessons,Composition lessons,Children's music classes/lessons",7,11,"guitar",11,"5",13,7,"guitar","13","contrabass","2",NA,NA,NA,NA,NA,NA,"2",0,5,"Rock,Pop,Classical,Folk","classical",0,0,5,0,3,0,6,0,5,NA
"31","5dc053a989691e000c6977d7","JN_33",5,0.627118644,1,2,3,5,5,5,5,NA,1,20,15,0,"Rock,Hip Hop,Electronic/dance,Classical",1,1,NA,"Instrument lessons,Music theory lessons,Composition lessons,Children's music classes/lessons",6,7,"Piano",7,"4",13,6,"Piano","13","Saxophone","4","Guitar","1",NA,NA,NA,NA,"2",1,6,"Pop,Classical","Classical",10,1,3,0,1,0,1,0,0,NA
"32","5dc0a28f27d05205683c8bb3","JN_34",6,0.881355932,1,3,5,5,5,5,5,"similarity, tonality, context",1,40,70,0,"Rock,Pop,Electronic/dance,Classical,Metal",1,1,NA,"Instrument lessons,Music theory lessons,Children's music classes/lessons,Self taught",1,8,"electric guitar",14,"6",26,1,"drums","15",NA,NA,NA,NA,NA,NA,NA,NA,"6",0,1,"Rock,Pop,Metal","Rock",0,0,15,1,25,13,20,10,50,NA
"33","5e301520e0abfd0164e22e68","JN_36",6,0.508474576,0,5,5,3,5,5,5,"scale",2,25,30,1,"Rock,Classical,Metal,Metalcore",1,0,20,"Instrument lessons,Music theory lessons,Music coursework (high school)",8,12,"drums",14,"5",6,6,"drums","12","piano","14",NA,NA,NA,NA,NA,NA,"4",0,3,"Rock,Pop,Metal,Metalcore","metalcore",0,0,22,2,20,3,1,0,0,"I really liked the study! Thank you!"
"34","5e3f1b09d859ae188f435677","JN_37",4,0.542372881,1,3,5,3,5,3,5,"I listened closely for melodies which felt either 'resolved' or at least on a conclusive cadence.",1,25,35,10,"Rock,Pop,Country,R&B and Soul,Jazz,Classical,Folk,Latin",1,1,NA,"Instrument lessons,Music theory lessons",2,10,"Guitar",15,"6",10,0,"Trumpet","2","Piano","5","Harmonica","8",NA,NA,NA,NA,"4",0,0,"Rock,Pop,Country,Classical,Folk","Rock/Pop",5,1,21,5,30,20,14,10,76,"This was a very interesting survey. It made me wonder if the melodic patterns I heard were related to how my ear has been 'trained' by the music I listen to."
"35","5e57a0020c3c6a14a1624031","JN_38",4,0.576271186,0,5,2,1,5,5,3,"I closed my eyes, and tried to draw each of them but it made me even more confused and sleepy",1,27,10,1,"Pop,Country,R&B and Soul,Hip Hop,Jazz",0,NA,NA,NA,NA,NA,NA,NA,NA,NA,NA,NA,NA,NA,NA,NA,NA,NA,NA,NA,NA,NA,NA,NA,NA,NA,NA,NA,NA,NA,NA,NA,NA,NA,NA,NA
"36","5e64af9a8bd03f21ff4a869c","JN_39",8,0.610169492,1,1,2,2,3,3,5,NA,2,44,30,1,"Rock,Pop,Classical",1,1,NA,"Instrument lessons,Music theory lessons,Composition lessons,Music coursework (high school),Music coursework (college)",20,2,"violin",4,"7",40,20,"Piano","41",NA,NA,NA,NA,NA,NA,NA,NA,"3",0,16,"Pop,Classical","musical theatre",15,1,21,1,24,1,18,1,3,"I'm a professional violinist.Obviously I'm not working at the moment (due to Covid 19) but I'm still practicing, though not playing as much as I usually would!"
"37","5e67c30d1787b303c855ceaa","JN_40",10,0.728813559,1,2,5,5,1,2,5,"Not knowingly",2,28,3,0,"Rock,Classical,Punk,Reggae",1,1,NA,"Instrument lessons,Music theory lessons",4,9,"Piano",11,"2",6,4,"Guitar","2",NA,NA,NA,NA,NA,NA,NA,NA,"1",0,2,"Rock,Pop,Classical","Classical",5,0.5,2,0.5,2,0.5,2,0.7,35,"Best of luck with your research!"
"38","5e838275f46ab00bbde7bf4c","JN_41",11,0.576271186,0,5,3,5,3,5,1,NA,2,20,5,0,"Pop,Country,R&B and Soul,Electronic/dance,Latin",1,0,13,"Children's music classes/lessons",3,10,"flute",10,"2",3,3,NA,NA,NA,NA,NA,NA,NA,NA,NA,NA,"1",0,3,"Classical","classical",1,0,1,0,0,0,0,0,0,NA
"39","5e8783b0fde5153fbd9dca43","JN_42",11,0.576271186,1,5,3,2,3,2,5,"no",2,21,25,3,"Rock,Country,Classical,Folk",1,1,NA,"Music coursework (high school)",3,11,"piano",19,"2",2,0,"flute","3","harmonica","1",NA,NA,NA,NA,NA,NA,"2",0,3,"Jazz,Classical,Folk","classic",0,0,3,0,2,1,2,0,20,"This study was kind of relaxing"
"40","5e95f77b95ab5a05a38aa301","JN_43",14,0.508474576,1,3,5,5,5,5,5,"Yes, I tried to hear when the melodies had the same pattern but in the different pitch.",2,19,119,10,"Pop,Hip Hop,Classical",1,1,NA,"Instrument lessons",9,10,"guitar",10,"5",9,5,NA,NA,NA,NA,NA,NA,NA,NA,NA,NA,"3",2,1,"Pop,Country,Jazz,Latin","pop",20,5,10,3,4,1,1,0,29,"Everything went well."
"41","5e9d4cea9a706b26f7bd3799","JN_44",6,0.576271186,0,2,3,5,3,2,3,NA,1,68,8,0,"Pop",0,NA,NA,NA,NA,NA,NA,NA,NA,NA,NA,NA,NA,NA,NA,NA,NA,NA,NA,NA,NA,NA,NA,NA,NA,NA,NA,NA,NA,NA,NA,NA,NA,NA,NA,NA
"42","5ea3ef637e4bd537fe45cf6c","JN_45",7,0.593220339,1,2,3,3,5,5,5,"Differences in major and minor keys.",2,19,23,0,"Pop,Hip Hop,Electronic/dance,Classical",1,1,NA,"Instrument lessons,Music theory lessons,Composition lessons,Music coursework (high school),Music coursework (college)",10,6,"Flute",6,"4",13,3,"Piano","2",NA,NA,NA,NA,NA,NA,NA,NA,"2",0,0,"Jazz,Classical","Classical",10,1,13,2,4,0,2,0,15,"It may be helpful to expand the trial questions from 5 to 10 - to get a better field for study."
"43","5ea93d40fb690101aa21e97a","JN_46",7,0.661016949,1,3,3,5,5,3,5,"I replayed them in my head to see if they make a 'logical' phrase.",2,30,10,0,"Rock,Pop,Electronic/dance,Classical,Metal",1,1,NA,"Instrument lessons,Music theory lessons,Music coursework (high school),Children's music classes/lessons",6,10,"piano",10,"3",8,6,"piano","8","guitar","1",NA,NA,NA,NA,NA,NA,"1",0,2,"Rock,Pop,Classical","classical",7,2,15,4,0,0,1,0,0,NA
"44","5ea990b19e16b70b2c85bd55","JN_47",8,0.745762712,1,1,2,2,5,5,5,"The repetition of certain notes or if the second sequence sounded like the rest of the tune",2,30,30,1,"Rock,Pop,Country,R&B and Soul,Jazz,Classical",1,1,NA,"Instrument lessons",2,15,"drums",14,"5",6,2,"cello","1","voice","20","guitar","5",NA,NA,NA,NA,"3",0,1,"Rock,Pop,Classical","rock",1,0,3,1,2,1,1,0,15,NA
"45","5ea9c1f55ce96d106af147a7","JN_48",7,0.542372881,0,1,5,2,5,5,5,"Don't know how to describe it because I don't know much about music, but I think overall there was this ""something"" that just bonded the melodies, or in some case didn't.",1,20,14,0,"Rock,Hip Hop,Classical,Metal",0,NA,NA,NA,NA,NA,NA,NA,NA,NA,NA,NA,NA,NA,NA,NA,NA,NA,NA,NA,NA,NA,NA,NA,NA,NA,NA,NA,NA,NA,NA,NA,NA,NA,NA,"It was a very different study than other and I'm just curious what are you guys looking for. Also the breaks were an awesome addition, many reaserches don't include them, but you did and it helped me stay focused."
"46","5eb1e01d8fb92e14c7109490","JN_49",10,0.559322034,1,1,5,5,5,5,2,"No",1,27,30,0,"Rock,Pop,Electronic/dance,Classical,Metal",1,1,NA,"Instrument lessons,Music theory lessons,Composition lessons,Music coursework (high school),External examinations",15,5,"Piano",5,"6",22,15,NA,NA,NA,NA,NA,NA,NA,NA,NA,NA,"3",0,5,"Pop,Classical","Classical",25,0,25,0,10,0,5,0,0,NA
"47","5eb278ce4602871c6d7e335d","JN_50",17,0.559322034,1,2,2,5,2,3,3,"na",2,19,9,1,"Rock,Electronic/dance,Jazz",1,1,NA,"Instrument lessons,Music theory lessons",6,10,"piano",10,"4",9,6,NA,NA,NA,NA,NA,NA,NA,NA,NA,NA,"2",0,2,"Jazz,Classical","classical",5,0,6,1,2,0,2,0,9,NA
"48","5eb2e03e93516108a92d3d96","JN_51",13,0.593220339,0,5,5,5,5,5,5,"sounds similar",2,30,20,0,"Pop,R&B and Soul,Hip Hop,Bollywood/Bhangra/Pollywood",0,NA,NA,NA,NA,NA,NA,NA,NA,NA,NA,NA,NA,NA,NA,NA,NA,NA,NA,NA,NA,NA,NA,NA,NA,NA,NA,NA,NA,NA,NA,NA,NA,NA,NA,"good survey"
"49","5eb537cf52e1a6042b3ec928","JN_52",7,0.525423729,1,1,2,5,5,5,5,"No, just focusing on the above, especially the implied harmonies",2,32,20,1,"Classical",1,1,NA,"Instrument lessons,Music theory lessons,Composition lessons,Music coursework (high school),Music coursework (college),Children's music classes/lessons,Music School",18,3,"Harp/Violin joint 1st study",3,"7",29,16,"Harp","25","Violin","29","piano","7",NA,NA,NA,NA,"5",3,4,"Jazz,Classical,Folk,Latin","Classical",40,3,75,5,30,2,24,1,8,"It was very interesting."
"50","5ebbf1a8e5dc9e023a19010c","JN_53",7,0.711864407,1,2,3,5,5,3,5,"I have tried to feel if they got along together well one after the other.",1,18,20,0,"Pop,Electronic/dance,Classical,Folk",1,1,NA,"Instrument lessons,Children's music classes/lessons",150,7,"Trumpet",12,"3",6,5,"Euphonium","4",NA,NA,NA,NA,NA,NA,NA,NA,"1",0,0,"Jazz,Classical,Blues","Classical",1,0,3,0,3,3,0,0,0,NA
"51","5ebe6d9aad61fb02ea09617f","JN_54",8,0.627118644,0,3,5,5,3,2,5,NA,1,26,14,1,"Rock,Pop,Hip Hop",1,0,12,"Instrument lessons,Music theory lessons,Children's music classes/lessons",4,8,"piano",8,"1",2,2,"flute","3",NA,NA,NA,NA,NA,NA,NA,NA,"1",0,4,"Classical","classic",5,0,1,0,0,0,0,0,3,NA
"52","5ebec1f4c83ba4267efd2fa7","JN_55",2,0.711864407,1,1,1,5,2,1,1,NA,2,25,10,0,"Rock,Pop,Metal",1,1,NA,"Children's music classes/lessons",3,13,"guitar",23,"2",2,0,"guitar","2",NA,NA,NA,NA,NA,NA,NA,NA,"1",0,0,"Rock,Metal","metal",0,0,0,0,6,0,6,0,0,NA
"53","5ecb09cc5bb88d670255817a","JN_57",9,0.728813559,1,2,5,3,5,5,2,"No",2,18,6,0,"Rock,Hip Hop",1,1,NA,"Instrument lessons,Music coursework (high school),Music coursework (past college)",9,9,"Clarinet",9,"5",9,9,NA,NA,NA,NA,NA,NA,NA,NA,NA,NA,"2",0,0,"Classical","Classical",3,0,7,1,1,0,1,0,5,NA
"54","5ed5207609f397073de84058","JN_61",9,0.627118644,0,1,1,1,1,3,1,"The tone or I tried to look out for the same sort of rhythm",2,24,10,0,"Rock,Pop,Country,R&B and Soul,Hip Hop,Electronic/dance",0,NA,NA,NA,NA,NA,NA,NA,NA,NA,NA,NA,NA,NA,NA,NA,NA,NA,NA,NA,NA,NA,NA,NA,NA,NA,NA,NA,NA,NA,NA,NA,NA,NA,NA,NA
"55","5eda19fa68ef200309777c96","JN_62",7,0.576271186,0,1,2,2,5,5,5,NA,2,19,10,0,"Pop,Electronic/dance,Latin",0,NA,NA,NA,NA,NA,NA,NA,NA,NA,NA,NA,NA,NA,NA,NA,NA,NA,NA,NA,NA,NA,NA,NA,NA,NA,NA,NA,NA,NA,NA,NA,NA,NA,NA,"Different from surveys I have done before - very interesting!"
"56","5ee6fa42c0f3bc48f6eefffd","JN_64",9,0.610169492,1,3,3,5,5,5,5,"No",2,26,5,1,"Rock,Pop,Electronic/dance,Classical",1,1,NA,"Instrument lessons,Music theory lessons,Music coursework (past college)",13,5,"Violin",5,"4",16,13,"Violin","16","Piano","3",NA,NA,NA,NA,NA,NA,"1",0,2,"Pop,Electronic/dance,Classical","Classical",7,0,5,0,1,0,3,0,0,NA
"57","5ef3d7dab563d018ffd57892","JN_66",50,0.711864407,0,5,3,3,5,5,3,"I was imagining sounds in my head.",1,20,50,5,"Rock,Jazz,Metal",0,NA,NA,NA,NA,NA,NA,NA,NA,NA,NA,NA,NA,NA,NA,NA,NA,NA,NA,NA,NA,NA,NA,NA,NA,NA,NA,NA,NA,NA,NA,NA,NA,NA,NA,"I don't have any."
"58","5ef82303f512b15690f22cde","JN_67",21,0.525423729,1,5,5,5,5,5,5,"Length, though most were relatively the same length as well as octave-ranges.",1,18,30,10,"Rock,Pop,Hip Hop,Jazz,Classical",1,1,NA,"Instrument lessons,Music theory lessons,Music coursework (high school),Music coursework (college),Children's music classes/lessons",8,8,"Clarinet",13,"6",5,4,"Recorder","3","Piano","1","Guitar","1",NA,NA,NA,NA,"5",1,3,"Rock,Pop,Electronic/dance,Jazz","Jazz",2,0,10,2,15,10,15,2,40,NA
"59","5ef9ccf0ca47220486f25424","JN_68",3,0.711864407,0,5,2,3,3,5,5,NA,1,23,15,1,"Pop,Country,R&B and Soul,Hip Hop,Classical",0,NA,NA,NA,NA,NA,NA,NA,NA,NA,NA,NA,NA,NA,NA,NA,NA,NA,NA,NA,NA,NA,NA,NA,NA,NA,NA,NA,NA,NA,NA,NA,NA,NA,NA,"This survey was actually fun and engaging"
"60","5efa1a5f49faae813082bd12","JN_69",9,0.796610169,1,2,5,5,5,2,1,NA,1,30,15,0,"Rock,Pop,R&B and Soul,Metal",1,1,NA,"Music coursework (high school)",2,16,"voice",5,"5",25,2,NA,NA,NA,NA,NA,NA,NA,NA,NA,NA,"1",2,2,"R&B and Soul,Hip Hop,Classical","Classical",10,10,6,6,2,2,15,2,19,NA
"61","5efc86234213a502fa08a0cc","JN_70",7,0.661016949,1,1,5,5,5,5,5,NA,2,31,4,0,"Rock,Pop,Country,R&B and Soul,Classical,Folk",1,1,NA,"Instrument lessons,Music theory lessons,Composition lessons,Music coursework (high school),Music coursework (college),Children's music classes/lessons",10,8,"Clarinet",9,"5",22,15,NA,NA,NA,NA,NA,NA,NA,NA,NA,NA,"2",0,3,"Rock,Pop,Jazz,Classical","Contemporary wind orchestral",2,0,4,0,2,0,1,0,10,NA
"62","5efd0e158fb79e150c56169e","JN_71",5,0.661016949,1,2,5,5,5,5,5,NA,2,18,12,0,"Rock,Pop,Classical,House",1,1,NA,"Instrument lessons,Music theory lessons,Music coursework (high school),Children's music classes/lessons",7,8,"voice",12,"5",6,6,NA,NA,NA,NA,NA,NA,NA,NA,NA,NA,"4",0,0,"Pop,Classical","classical",1,0,3,1,3,2,3,1,15,NA
"63","5f00aaa0b864761ce8828d1e","JN_72",5,0.525423729,1,2,3,5,5,5,5,NA,2,18,17,2,"Rock,Pop,R&B and Soul,Hip Hop,Electronic/dance,Jazz",1,1,NA,"Instrument lessons,Music theory lessons,Children's music classes/lessons",7,10,"Violin",10,"4",7,7,"Ukulele","3","Guitar","1",NA,NA,NA,NA,NA,NA,"3",4,6,"Classical,Folk","Classical",4,0,5,0,0,0,2,0,15,NA
"64","5f0214e58782120a8c970fd6","JN_73",9,0.610169492,0,5,3,5,5,5,3,"I tried to link these melodies to the key i think.",2,31,8,4,"Rock,Pop,Jazz,Metal",1,0,25,"Instrument lessons,Children's music classes/lessons",2,20,"guitar",20,"4",5,2,"guitar","5",NA,NA,NA,NA,NA,NA,NA,NA,"4",0,2,"Rock,Jazz,Metal,Folk","rock",0,0,0,0,10,10,0,0,40,NA
